type,title,content_length,url,date,status
page,404 Page,136,https://valetkleen.com/404-page/,Published2025/06/06 at 5:25 am,elementor
page,About Us,2837,https://valetkleen.com/about/,Published2025/06/05 at 10:48 pm,elementor
page,Blog,281,https://valetkleen.com/blog/,Published2025/06/06 at 5:34 am,elementor
page,Cart,192,https://valetkleen.com/cart/,Published2025/06/18 at 6:54 pm,"elementor,"
page,Checkout,192,https://valetkleen.com/checkout/,Published2025/06/18 at 6:54 pm,checkout page
page,Contact Us,261,https://valetkleen.com/contact/,Published2025/06/06 at 5:31 am,elementor
page,Dry Cleaning Services,1910,https://valetkleen.com/dry-cleaning-services/,Published2025/06/11 at 3:24 am,elementor
page,FAQ,3,https://valetkleen.com/faq/,Published2025/06/06 at 5:36 am,elementor
page,Home,1707,https://valetkleen.com/,Published2025/06/05 at 10:34 pm,"front page,"
page,Hotel Services,363,https://valetkleen.com/hotel-services/,Published2025/06/11 at 3:26 am,elementor
page,Laundry Service,506,https://valetkleen.com/laundry-service/,Published2025/06/06 at 5:47 am,elementor
page,Let’s Keep In Touch,227,https://valetkleen.com/lets-keep-in-touch/,Published2025/08/08 at 9:39 pm,published
page,My account,101,https://valetkleen.com/my-account/,Published2025/06/18 at 6:54 pm,my account page
page,Pickup and Delivery,461,https://valetkleen.com/pickup-and-delivery/,Published2025/07/27 at 11:01 pm,elementor
page,Privacy Policy,11571,https://valetkleen.com/privacy-policy/,Published2025/06/05 at 10:24 pm,"privacy policy page,"
page,Service Areas,223,https://valetkleen.com/service-areas/,Published2025/06/11 at 12:18 pm,elementor
page,Services,1327,https://valetkleen.com/services/,Published2025/06/06 at 5:49 am,elementor
page,Shop,2505,https://valetkleen.com/shop/,Published2025/06/18 at 6:54 pm,shop page
page,Single post,2385,https://valetkleen.com/single-post/,Published2025/06/06 at 5:33 am,elementor
page,Terms of Service,87593,https://valetkleen.com/terms-of-service/,Published2025/06/26 at 11:28 am,elementor
product,3pcs African men Agbada,464,https://valetkleen.com/product/3pcs-african-men-agbada/,Published2025/07/27 at 6:56 am,published
product,2 PC’s Men dashiki,444,https://valetkleen.com/product/2-pcs-men-dashiki/,Published2025/07/27 at 6:23 am,published
product,Chef Coat,132,https://valetkleen.com/product/chef-coat/,Published2025/07/05 at 5:30 pm,published
product,Sport Coats,140,https://valetkleen.com/product/sport-coats/,Published2025/06/30 at 10:50 pm,published
product,Tuxedo Shirt,144,https://valetkleen.com/product/tuxedo-shirt/,Published2025/06/30 at 10:26 pm,published
product,Tuxedo,121,https://valetkleen.com/product/tuxedo/,Published2025/06/30 at 10:24 pm,published
product,Curtains,375,https://valetkleen.com/product/curtains/,Published2025/06/30 at 10:20 pm,published
product,Wedding Dress,345,https://valetkleen.com/product/wedding-dress/,Published2025/06/30 at 10:17 pm,published
product,Coats,384,https://valetkleen.com/product/coats/,Published2025/06/30 at 10:14 pm,published
product,Robe,112,https://valetkleen.com/product/robe/,Published2025/06/30 at 10:12 pm,published
product,Brazer,120,https://valetkleen.com/product/brazer/,Published2025/06/30 at 10:10 pm,published
product,Hood,112,https://valetkleen.com/product/hood/,Published2025/06/30 at 10:08 pm,published
product,Jump Suit,326,https://valetkleen.com/product/jump-suit/,Published2025/06/30 at 10:04 pm,published
product,Tie,108,https://valetkleen.com/product/tie/,Published2025/06/30 at 10:01 pm,published
product,Scarf,116,https://valetkleen.com/product/scarf/,Published2025/06/30 at 9:58 pm,published
product,2pc Dress,133,https://valetkleen.com/product/2pc-dress/,Published2025/06/30 at 9:56 pm,published
product,40″x45″ King Size Premium Laundry Bag (35 lb),251,https://valetkleen.com/product/40x45-king-size-premium-laundry-bag/,Published2025/06/26 at 3:13 pm,published
product,30″x40″Large Laundry Bag (25 lb),199,https://valetkleen.com/product/30x40large-laundry-bag/,Published2025/06/26 at 3:09 pm,published
product,24″x36″ Medium Laundry Bag (18 lb),207,https://valetkleen.com/product/24x36-medium-laundry-bag/,Published2025/06/26 at 3:09 pm,published
product,22″x28″ Small Laundry Bags (12 lb),233,https://valetkleen.com/product/22x28-small-laundry-bags/,Published2025/06/26 at 3:06 pm,published
product,Apron,116,https://valetkleen.com/product/apron/,Published2025/06/26 at 3:00 pm,published
product,Jacket,120,https://valetkleen.com/product/jacket/,Published2025/06/26 at 2:58 pm,published
product,2 Piece Suit,145,https://valetkleen.com/product/2-piece-suit/,Published2025/06/26 at 2:55 pm,published
product,Polo Shirt,136,https://valetkleen.com/product/polo-shirt/,Published2025/06/26 at 2:52 pm,published
product,Ladies Shirt,144,https://valetkleen.com/product/ladies-shirt/,Published2025/06/26 at 2:49 pm,published
product,Mattress Cover (Queen/King),195,https://valetkleen.com/product/mattress-cover-queen-king/,Published2025/06/19 at 4:19 am,published
product,Mattress Cover (Twin/Full),191,https://valetkleen.com/product/mattress-cover-twin-full/,Published2025/06/19 at 4:18 am,published
product,Blanket (Queen/King),167,https://valetkleen.com/product/blanket-queen-king/,Published2025/06/19 at 4:17 am,published
product,Blanket (Full/Twin),163,https://valetkleen.com/product/blanket-full-twin/,Published2025/06/19 at 4:16 am,published
product,Comforter (Queen/King),175,https://valetkleen.com/product/comforter-queen-king/,Published2025/06/19 at 4:15 am,published
product,Comforter (Twin/Full),171,https://valetkleen.com/product/comforter-twin-full/,Published2025/06/19 at 4:13 am,published
product,3 Piece Suit,145,https://valetkleen.com/product/suits/,Published2025/06/19 at 4:12 am,published
product,Dresses,450,https://valetkleen.com/product/dresses/,Published2025/06/19 at 4:11 am,published
product,Blazers,124,https://valetkleen.com/product/blazers/,Published2025/06/19 at 4:10 am,published
product,Sweaters,128,https://valetkleen.com/product/sweaters/,Published2025/06/19 at 4:08 am,published
product,Skirts,120,https://valetkleen.com/product/skirts/,Published2025/06/19 at 4:07 am,published
product,Blouses,124,https://valetkleen.com/product/blouses/,Published2025/06/19 at 4:06 am,published
product,Office Shirt (Dry-Clean),156,https://valetkleen.com/product/shirts/,Published2025/06/19 at 4:04 am,published
product,Pants,241,https://valetkleen.com/product/pants/,Published2025/06/19 at 3:59 am,published
product,Office Shirt (Laundry),589,https://valetkleen.com/product/office-shirt/,Published2025/06/18 at 7:22 pm,published
elementor_library,Services,1707,https://valetkleen.com/?elementor_library=services,Published2025/06/06 at 5:50 am,published
elementor_library,Metform Booking,1707,https://valetkleen.com/?elementor_library=metform-booking,Published2025/06/06 at 5:47 am,published
elementor_library,Service Details,1707,https://valetkleen.com/?elementor_library=service-details,Published2025/06/06 at 5:45 am,published
elementor_library,Team,1707,https://valetkleen.com/?elementor_library=team,Published2025/06/06 at 5:43 am,published
elementor_library,Pricing,1707,https://valetkleen.com/?elementor_library=pricing,Published2025/06/06 at 5:40 am,published
elementor_library,Contact,1707,https://valetkleen.com/?elementor_library=contact,Published2025/06/06 at 5:38 am,published
elementor_library,FAQ,1707,https://valetkleen.com/?elementor_library=faq,Published2025/06/06 at 5:36 am,published
elementor_library,Blog,1707,https://valetkleen.com/?elementor_library=blog,Published2025/06/06 at 5:35 am,published
elementor_library,Single Post,1707,https://valetkleen.com/?elementor_library=single-post,Published2025/06/06 at 5:33 am,published
elementor_library,Metform Contact,1707,https://valetkleen.com/?elementor_library=metform-contact,Published2025/06/06 at 5:28 am,published
elementor_library,404 Page,1707,https://valetkleen.com/?elementor_library=404-page,Published2025/06/06 at 5:26 am,published
elementor_library,About,1707,https://valetkleen.com/?elementor_library=about,Published2025/06/05 at 10:50 pm,published
elementor_library,Footer,1707,https://valetkleen.com/?elementor_library=footer,Published2025/06/05 at 10:42 pm,published
elementor_library,Header,1707,https://valetkleen.com/?elementor_library=header,Published2025/06/05 at 10:41 pm,published
elementor_library,Home,1707,https://valetkleen.com/?elementor_library=home,Published2025/06/05 at 10:37 pm,published
elementor_library,Kit Styles: Dryze – Dry Cleaning & Laundry Service Elementor Template Kit,1707,https://valetkleen.com/?elementor_library=global-kit-styles,Published2025/06/05 at 10:32 pm,published
elementor_library,Default Kit,1707,https://valetkleen.com/?elementor_library=default-kit,Published2025/06/05 at 10:29 pm,published
elementor_library#add_new,Services,1707,https://valetkleen.com/?elementor_library=services,Published2025/06/06 at 5:50 am,published
elementor_library#add_new,Metform Booking,1707,https://valetkleen.com/?elementor_library=metform-booking,Published2025/06/06 at 5:47 am,published
elementor_library#add_new,Service Details,1707,https://valetkleen.com/?elementor_library=service-details,Published2025/06/06 at 5:45 am,published
elementor_library#add_new,Team,1707,https://valetkleen.com/?elementor_library=team,Published2025/06/06 at 5:43 am,published
elementor_library#add_new,Pricing,1707,https://valetkleen.com/?elementor_library=pricing,Published2025/06/06 at 5:40 am,published
elementor_library#add_new,Contact,1707,https://valetkleen.com/?elementor_library=contact,Published2025/06/06 at 5:38 am,published
elementor_library#add_new,FAQ,1707,https://valetkleen.com/?elementor_library=faq,Published2025/06/06 at 5:36 am,published
elementor_library#add_new,Blog,1707,https://valetkleen.com/?elementor_library=blog,Published2025/06/06 at 5:35 am,published
elementor_library#add_new,Single Post,1707,https://valetkleen.com/?elementor_library=single-post,Published2025/06/06 at 5:33 am,published
elementor_library#add_new,Metform Contact,1707,https://valetkleen.com/?elementor_library=metform-contact,Published2025/06/06 at 5:28 am,published
elementor_library#add_new,404 Page,1707,https://valetkleen.com/?elementor_library=404-page,Published2025/06/06 at 5:26 am,published
elementor_library#add_new,About,1707,https://valetkleen.com/?elementor_library=about,Published2025/06/05 at 10:50 pm,published
elementor_library#add_new,Footer,1707,https://valetkleen.com/?elementor_library=footer,Published2025/06/05 at 10:42 pm,published
elementor_library#add_new,Header,1707,https://valetkleen.com/?elementor_library=header,Published2025/06/05 at 10:41 pm,published
elementor_library#add_new,Home,1707,https://valetkleen.com/?elementor_library=home,Published2025/06/05 at 10:37 pm,published
elementor_library#add_new,Kit Styles: Dryze – Dry Cleaning & Laundry Service Elementor Template Kit,1707,https://valetkleen.com/?elementor_library=global-kit-styles,Published2025/06/05 at 10:32 pm,published
elementor_library#add_new,Default Kit,1707,https://valetkleen.com/?elementor_library=default-kit,Published2025/06/05 at 10:29 pm,published
elementor-hf,Footer,1707,https://valetkleen.com/elementor-hf/footer/,Published2025/06/05 at 10:41 pm,elementor
elementor-hf,Header,1707,https://valetkleen.com/elementor-hf/header/,Published2025/06/05 at 10:39 pm,elementor
